aluguel,area_quarto,zona
2.000,51 m² construídos2 quartos,sul
2.700,72 m² construídos3 quartos,sul
3.200,59 m² construídos1 quarto,sul
1.300,70 m² construídos2 quartos,sul
1.800,90 m² construídos2 quartos,sul
1.300,45 m² construídos1 quarto,sul
2.800,35 m² construídos1 quarto,sul
773,40 m² construídos1 quarto,sul
1.600,70 m² construídos1 quarto,sul
9.000,75 m² construídos1 quarto,sul
2.203,38 m² construídos1 quarto,sul
900,35 m² construídos1 quarto,sul
660,23 m² construídos1 quarto,sul
1.870,45 m² construídos1 quarto,sul
1.632,52 m² construídos2 quartos,sul
3.488,50 m² construídos2 quartos,sul
890,65 m² construídos1 quarto,sul
4.100,96 m² construídos2 quartos,sul
1.400,55 m² construídos3 quartos,sul
1.650,35 m² construídos1 quarto,sul
3.000,200 m² construídos3 quartos,sul
1.500,51 m² construídos2 quartos,sul
850,80 m² construídos1 quarto,sul
2.900,55 m² construídos2 quartos,sul
1.000,52 m² construídos1 quarto,sul
1.500,80 m² construídos2 quartos,sul
2.200,37 m² construídos1 quarto,sul
3.500,102 m² construídos3 quartos,sul
1.050,35 m² construídos1 quarto,sul
2.300,70 m² construídos2 quartos,sul
1.400,37 m² construídos1 quarto,sul
1.950,71 m² construídos2 quartos,sul
2.900,40 m² construídos1 quarto,sul
1.100,62 m² construídos2 quartos,sul
3.500,97 m² construídos2 quartos,sul
1.900,59 m² construídos3 quartos,sul
1.400,66 m² construídos2 quartos,sul
6.000,188 m² construídos3 quartos,sul
2.500,50 m² construídos2 quartos,sul
2.300,35 m² construídos1 quarto,sul
3.000,140 m² construídos4 quartos,sul
1.990,200 m² construídos3 quartos,sul
2.900,22 m² construídos1 quarto,sul
2.400,60 m² construídos1 quarto,sul
1.540,36 m² construídos1 quarto,sul
1.900,80 m² construídos3 quartos,sul
1.800,53 m² construídos2 quartos,sul
1.200,50 m² construídos2 quartos,sul
1.400,80 m² construídos2 quartos,sul
1.600,50 m² construídos2 quartos,sul
2.900,60 m² construídos2 quartos,sul
1.460,60 m² construídos2 quartos,sul
1.284,55 m² construídos2 quartos,sul
1.500,49 m² construídos2 quartos,sul
3.250,54 m² construídos2 quartos,sul
1.700,65 m² construídos2 quartos,sul
3.000,63 m² construídos2 quartos,sul
1.907,70 m² construídos3 quartos,sul
4.200,75 m² construídos2 quartos,sul
3.700,59 m² construídos1 quarto,sul
5.000,65 m² construídos2 quartos,sul
1.600,48 m² construídos2 quartos,sul
2.100,71 m² construídos3 quartos,sul
1.750,58 m² construídos2 quartos,sul
1.150,13 m² construídos1 quarto,sul
1.100,51 m² construídos2 quartos,sul
3.900,60 m² construídos2 quartos,sul
1.681,92 m² construídos2 quartos,sul
2.200,60 m² construídos1 quarto,sul
1.200,65 m² construídos2 quartos,sul
2.229,47 m² construídos2 quartos,sul
1.230,30 m² construídos1 quarto,sul
3.000,92 m² construídos2 quartos,sul
2.008,117 m² construídos3 quartos,sul
1.300,52 m² construídos2 quartos,sul
1.506,49 m² construídos2 quartos,sul
5.500,97 m² construídos3 quartos,sul
1.471,47 m² construídos2 quartos,sul
6.339,125 m² construídos3 quartos,sul
1.250,47 m² construídos1 quarto,sul
2.000,70 m² construídos2 quartos,sul
1.750,128 m² construídos2 quartos,sul
1.300,45 m² construídos2 quartos,sul
2.000,53 m² construídos2 quartos,sul
1.450,67 m² construídos2 quartos,sul
2.500,58 m² construídos2 quartos,sul
1.500,58 m² construídos2 quartos,sul
2.500,57 m² construídos2 quartos,sul
3.500,50 m² construídos1 quarto,sul
2.700,36 m² construídos1 quarto,sul
2.625,54 m² construídos2 quartos,sul
3.500,110 m² construídos3 quartos,sul
3.250,72 m² construídos1 quarto,sul
1.250,22 m² construídos1 quarto,sul
2.500,100 m² construídos3 quartos,sul
2.850,41 m² construídos1 quarto,sul
2.500,100 m² construídos3 quartos,sul
2.850,41 m² construídos1 quarto,sul
4.050,92 m² construídos3 quartos,sul
3.000,56 m² construídos1 quarto,sul
3.900,80 m² construídos3 quartos,sul
1.900,28 m² construídos1 quarto,sul
5.500,105 m² construídos3 quartos,sul
3.433,71 m² construídos2 quartos,sul
1.210,50 m² construídos1 quarto,sul
1.300,54 m² construídos2 quartos,sul
3.000,65 m² construídos2 quartos,sul
1.500,65 m² construídos2 quartos,sul
1.550,62 m² construídos2 quartos,sul
6.000,120 m² construídos3 quartos,sul
2.600,90 m² construídos3 quartos,sul
1.800,130 m² construídos2 quartos,sul
950,35 m² construídos1 quarto,sul
1.500,70 m² construídos2 quartos,sul
5.500,90 m² construídos2 quartos,sul
8.138,123 m² construídos3 quartos,sul
3.800,98 m² construídos3 quartos,sul
2.300,68 m² construídos2 quartos,sul
1.800,62 m² construídos3 quartos,sul
1.800,48 m² construídos2 quartos,sul
6.500,230 m² construídos3 quartos,sul
3.219,77 m² construídos1 quarto,sul
1.150,12 m² construídos1 quarto,sul
1.400,50 m² construídos1 quarto,sul
2.876,35 m² construídos1 quarto,sul
1.800,35 m² construídos1 quarto,sul
5.000,108 m² construídos3 quartos,sul
1.800,36 m² construídos1 quarto,sul
2.100,72 m² construídos2 quartos,sul
3.000,140 m² construídos3 quartos,sul
2.400,34 m² construídos1 quarto,sul
1.900,38 m² construídos1 quarto,sul
1.700,50 m² construídos2 quartos,sul
1.400,89 m² construídos2 quartos,sul
2.700,76 m² construídos2 quartos,sul
2.289,45 m² construídos1 quarto,sul
1.350,50 m² construídos1 quarto,sul
2.000,50 m² construídos1 quarto,sul
2.300,84 m² construídos2 quartos,sul
5.000,78 m² construídos3 quartos,sul
3.817,79 m² construídos3 quartos,sul
1.232,90 m² construídos2 quartos,sul
1.250,44 m² construídos1 quarto,sul
4.644,180 m² construídos3 quartos,sul
2.975,129 m² construídos4 quartos,sul
4.000,70 m² construídos1 quarto,sul
2.000,70 m² construídos2 quartos,sul
5.700,146 m² construídos3 quartos,sul
1.910,60 m² construídos2 quartos,sul
3.219,53 m² construídos2 quartos,sul
3.011,46 m² construídos1 quarto,sul
3.000,78 m² construídos3 quartos,sul
2.500,131 m² construídos3 quartos,sul
2.300,45 m² construídos2 quartos,sul
2.300,45 m² construídos2 quartos,sul
2.300,45 m² construídos2 quartos,sul
1.700,58 m² construídos1 quarto,sul
3.000,33 m² construídos1 quarto,sul
2.200,63 m² construídos2 quartos,sul
3.300,107 m² construídos3 quartos,sul
1.300,70 m² construídos3 quartos,sul
1.319,41 m² construídos2 quartos,sul
8.000,300 m² construídos4 quartos,sul
3.690,83 m² construídos3 quartos,sul
9.800,111 m² construídos3 quartos,sul
3.000,78 m² construídos3 quartos,sul
3.200,38 m² construídos1 quarto,sul
1.300,58 m² construídos2 quartos,sul
1.550,58 m² construídos2 quartos,sul
1.600,43 m² construídos1 quarto,sul
1.700,44 m² construídos1 quarto,sul
1.390,51 m² construídos2 quartos,sul
2.300,55 m² construídos1 quarto,sul
1.597,65 m² construídos3 quartos,sul
2.000,68 m² construídos2 quartos,sul
3.009,100 m² construídos3 quartos,sul
3.600,30 m² construídos1 quarto,sul
1.562,38 m² construídos1 quarto,sul
1.981,68 m² construídos3 quartos,sul
3.100,106 m² construídos3 quartos,sul
1.846,56 m² construídos2 quartos,sul
4.000,69 m² construídos1 quarto,sul
1.650,58 m² construídos2 quartos,sul
2.900,300 m² construídos2 quartos,sul
2.197,79 m² construídos3 quartos,sul
2.811,60 m² construídos2 quartos,sul
2.000,60 m² construídos2 quartos,sul
1.300,45 m² construídos2 quartos,sul
1.440,50 m² construídos2 quartos,sul
1.300,55 m² construídos2 quartos,sul
3.397,71 m² construídos3 quartos,sul
2.600,43 m² construídos1 quarto,sul
2.600,43 m² construídos1 quarto,sul
4.500,75 m² construídos2 quartos,sul
7.500,101 m² construídos2 quartos,sul
1.500,82 m² construídos3 quartos,sul
2.280,110 m² construídos2 quartos,sul
6.050,89 m² construídos2 quartos,sul
3.000,49 m² construídos1 quarto,sul
2.166,56 m² construídos2 quartos,sul
1.806,56 m² construídos2 quartos,sul
1.769,70 m² construídos2 quartos,sul
1.591,70 m² construídos2 quartos,sul
1.287,51 m² construídos2 quartos,sul
1.761,50 m² construídos2 quartos,sul
2.805,45 m² construídos1 quarto,sul
1.200,62 m² construídos2 quartos,sul
1.855,50 m² construídos2 quartos,sul
2.300,44 m² construídos1 quarto,sul
2.200,78 m² construídos2 quartos,sul
5.000,70 m² construídos2 quartos,sul
4.500,70 m² construídos2 quartos,sul
8.752,76 m² construídos1 quarto,sul
990,16 m² construídos1 quarto,sul
1.300,60 m² construídos1 quarto,sul
3.161,78 m² construídos3 quartos,sul
2.600,70 m² construídos2 quartos,sul
750,38 m² construídos1 quarto,sul
1.800,77 m² construídos3 quartos,sul
3.650,41 m² construídos1 quarto,sul
2.000,58 m² construídos1 quarto,sul
2.500,68 m² construídos2 quartos,sul
2.550,49 m² construídos1 quarto,sul
2.250,70 m² construídos2 quartos,sul
1.600,40 m² construídos1 quarto,sul
10.000,63 m² construídos2 quartos,sul
6.000,330 m² construídos3 quartos,sul
7.000,129 m² construídos2 quartos,sul
1.600,30 m² construídos1 quarto,sul
1.800,51 m² construídos1 quarto,sul
3.000,50 m² construídos2 quartos,sul
2.700,140 m² construídos3 quartos,sul
3.500,80 m² construídos2 quartos,sul
2.600,30 m² construídos1 quarto,sul
5.200,132 m² construídos3 quartos,sul
3.500,96 m² construídos2 quartos,sul
1.100,19 m² construídos1 quarto,sul
1.800,110 m² construídos2 quartos,sul
4.000,130 m² construídos2 quartos,sul
2.200,68 m² construídos2 quartos,sul
2.300,44 m² construídos1 quarto,sul
1.100,27 m² construídos1 quarto,sul
4.000,71 m² construídos2 quartos,sul
2.800,87 m² construídos2 quartos,sul
2.300,45 m² construídos2 quartos,sul
1.900,110 m² construídos2 quartos,sul
6.100,100 m² construídos2 quartos,sul
2.350,58 m² construídos2 quartos,sul
6.000,84 m² construídos3 quartos,sul
2.000,81 m² construídos2 quartos,sul
1.300,60 m² construídos2 quartos,sul
2.750,40 m² construídos1 quarto,sul
5.320,60 m² construídos1 quarto,sul
2.200,39 m² construídos1 quarto,sul
2.844,78 m² construídos2 quartos,sul
2.600,44 m² construídos1 quarto,sul
2.684,57 m² construídos2 quartos,sul
1.990,67 m² construídos2 quartos,sul
2.800,87 m² construídos2 quartos,sul
3.200,60 m² construídos2 quartos,sul
1.807,80 m² construídos3 quartos,sul
1.536,45 m² construídos2 quartos,sul
2.900,80 m² construídos2 quartos,sul
2.100,90 m² construídos2 quartos,sul
3.900,107 m² construídos2 quartos,sul
2.600,115 m² construídos2 quartos,sul
5.500,113 m² construídos3 quartos,sul
2.600,90 m² construídos2 quartos,sul
3.090,80 m² construídos3 quartos,sul
2.300,80 m² construídos3 quartos,sul
2.300,45 m² construídos2 quartos,sul
2.900,80 m² construídos2 quartos,sul
2.500,80 m² construídos3 quartos,sul
2.200,51 m² construídos1 quarto,sul
1.100,25 m² construídos1 quarto,sul
1.250,27 m² construídos1 quarto,sul
1.100,29 m² construídos1 quarto,sul
1.700,55 m² construídos1 quarto,sul
4.500,42 m² construídos1 quarto,sul
900,62 m² construídos2 quartos,sul
2.500,60 m² construídos1 quarto,sul
3.990,38 m² construídos1 quarto,sul
1.700,33 m² construídos1 quarto,sul
1.600,60 m² construídos3 quartos,sul
3.600,115 m² construídos3 quartos,sul
2.175,105 m² construídos3 quartos,sul
2.440,64 m² construídos2 quartos,sul
2.812,76 m² construídos2 quartos,sul
2.700,94 m² construídos3 quartos,norte
7.500,328 m² construídos3 quartos,norte
550,25 m² construídos1 quarto,norte
500,50 m² construídos1 quarto,norte
660,40 m² construídos1 quarto,norte
1.836,69 m² construídos2 quartos,norte
1.250,73 m² construídos3 quartos,norte
1.000,50 m² construídos1 quarto,norte
1.500,45 m² construídos2 quartos,norte
827,50 m² construídos1 quarto,norte
1.750,60 m² construídos2 quartos,norte
600,21 m² construídos1 quarto,norte
2.900,130 m² construídos2 quartos,norte
2.900,300 m² construídos3 quartos,norte
1.200,48 m² construídos2 quartos,norte
1.300,50 m² construídos1 quarto,norte
1.200,60 m² construídos2 quartos,norte
1.860,60 m² construídos2 quartos,norte
1.450,50 m² construídos2 quartos,norte
1.220,44 m² construídos1 quarto,norte
4.100,56 m² construídos1 quarto,norte
500,35 m² construídos1 quarto,norte
1.800,50 m² construídos1 quarto,norte
1.600,54 m² construídos2 quartos,norte
1.500,70 m² construídos3 quartos,norte
1.317,47 m² construídos2 quartos,norte
1.700,70 m² construídos2 quartos,norte
3.500,55 m² construídos2 quartos,norte
1.300,70 m² construídos3 quartos,norte
1.400,66 m² construídos2 quartos,norte
1.200,50 m² construídos2 quartos,norte
2.100,61 m² construídos2 quartos,norte
1.200,35 m² construídos1 quarto,norte
1.100,45 m² construídos1 quarto,norte
2.425,80 m² construídos2 quartos,norte
730,40 m² construídos1 quarto,norte
1.800,71 m² construídos3 quartos,norte
2.052,79 m² construídos3 quartos,norte
1.700,53 m² construídos2 quartos,norte
1.907,60 m² construídos3 quartos,norte
1.981,65 m² construídos2 quartos,norte
1.400,67 m² construídos2 quartos,norte
1.200,54 m² construídos2 quartos,norte
2.200,65 m² construídos3 quartos,norte
2.400,80 m² construídos2 quartos,norte
1.100,55 m² construídos2 quartos,norte
1.255,72 m² construídos2 quartos,norte
900,55 m² construídos2 quartos,norte
2.200,65 m² construídos3 quartos,norte
2.400,80 m² construídos2 quartos,norte
1.100,55 m² construídos2 quartos,norte
1.255,72 m² construídos2 quartos,norte
900,55 m² construídos2 quartos,norte
2.100,67 m² construídos3 quartos,norte
3.500,70 m² construídos2 quartos,norte
3.300,65 m² construídos2 quartos,norte
2.300,55 m² construídos2 quartos,norte
1.700,75 m² construídos2 quartos,norte
2.190,70 m² construídos3 quartos,norte
2.101,110 m² construídos3 quartos,norte
1.908,45 m² construídos1 quarto,norte
1.400,70 m² construídos2 quartos,norte
2.850,65 m² construídos2 quartos,norte
1.100,48 m² construídos2 quartos,norte
1.400,50 m² construídos1 quarto,norte
2.300,83 m² construídos3 quartos,norte
3.280,45 m² construídos2 quartos,norte
1.200,50 m² construídos1 quarto,norte
1.550,54 m² construídos2 quartos,norte
5.000,100 m² construídos3 quartos,norte
1.500,55 m² construídos1 quarto,norte
1.300,54 m² construídos2 quartos,norte
1.600,55 m² construídos1 quarto,norte
1.300,50 m² construídos1 quarto,norte
1.800,75 m² construídos2 quartos,norte
1.400,50 m² construídos1 quarto,norte
2.200,280 m² construídos2 quartos,norte
800,60 m² construídos1 quarto,norte
1.300,50 m² construídos1 quarto,norte
1.300,50 m² construídos1 quarto,norte
2.700,95 m² construídos3 quartos,norte
1.400,25 m² construídos1 quarto,norte
2.280,32 m² construídos1 quarto,norte
1.500,65 m² construídos2 quartos,norte
2.200,65 m² construídos2 quartos,norte
1.700,42 m² construídos2 quartos,norte
1.026,50 m² construídos1 quarto,norte
1.500,60 m² construídos2 quartos,norte
1.200,41 m² construídos1 quarto,norte
2.713,130 m² construídos2 quartos,norte
1.700,44 m² construídos2 quartos,norte
4.700,100 m² construídos3 quartos,norte
1.251,27 m² construídos1 quarto,norte
6.000,120 m² construídos3 quartos,norte
1.000,27 m² construídos1 quarto,norte
2.500,58 m² construídos3 quartos,norte
2.100,59 m² construídos2 quartos,norte
1.150,40 m² construídos1 quarto,norte
1.600,64 m² construídos2 quartos,norte
4.500,98 m² construídos3 quartos,norte
1.452,35 m² construídos1 quarto,norte
1.900,87 m² construídos3 quartos,norte
3.800,74 m² construídos2 quartos,norte
6.000,300 m² construídos4 quartos,norte
1.700,90 m² construídos3 quartos,norte
1.380,74 m² construídos2 quartos,norte
2.500,90 m² construídos2 quartos,norte
2.000,70 m² construídos3 quartos,norte
5.000,128 m² construídos3 quartos,norte
4.100,55 m² construídos1 quarto,norte
4.400,79 m² construídos1 quarto,norte
3.000,60 m² construídos2 quartos,norte
1.550,19 m² construídos1 quarto,norte
2.600,68 m² construídos2 quartos,norte
1.789,70 m² construídos3 quartos,norte
2.936,78 m² construídos2 quartos,norte
2.500,85 m² construídos3 quartos,norte
1.700,78 m² construídos2 quartos,norte
1.600,68 m² construídos2 quartos,norte
1.300,30 m² construídos1 quarto,norte
1.200,70 m² construídos2 quartos,norte
1.380,65 m² construídos2 quartos,norte
3.000,90 m² construídos3 quartos,norte
990,59 m² construídos1 quarto,norte
2.300,75 m² construídos2 quartos,norte
4.100,53 m² construídos1 quarto,norte
2.500,82 m² construídos3 quartos,norte
1.350,28 m² construídos1 quarto,norte
2.000,40 m² construídos2 quartos,norte
2.407,56 m² construídos2 quartos,norte
1.575,40 m² construídos1 quarto,norte
1.537,47 m² construídos2 quartos,norte
620,40 m² construídos1 quarto,norte
1.500,34 m² construídos1 quarto,norte
620,40 m² construídos1 quarto,norte
2.800,90 m² construídos2 quartos,norte
2.000,48 m² construídos2 quartos,norte
1.700,55 m² construídos2 quartos,norte
1.700,48 m² construídos2 quartos,norte
1.350,60 m² construídos1 quarto,norte
1.600,60 m² construídos2 quartos,norte
750,40 m² construídos1 quarto,norte
1.121,50 m² construídos2 quartos,norte
1.111,54 m² construídos2 quartos,norte
1.400,50 m² construídos2 quartos,norte
650,26 m² construídos1 quarto,norte
1.200,75 m² construídos2 quartos,norte
1.200,30 m² construídos1 quarto,norte
1.650,45 m² construídos1 quarto,norte
1.650,46 m² construídos2 quartos,norte
1.372,60 m² construídos3 quartos,norte
7.000,140 m² construídos2 quartos,norte
1.600,101 m² construídos3 quartos,norte
1.350,50 m² construídos2 quartos,norte
1.400,40 m² construídos1 quarto,norte
3.500,279 m² construídos3 quartos,norte
2.300,70 m² construídos2 quartos,norte
1.350,45 m² construídos1 quarto,norte
990,65 m² construídos1 quarto,norte
850,45 m² construídos1 quarto,norte
1.600,55 m² construídos2 quartos,norte
1.050,50 m² construídos2 quartos,norte
500,50 m² construídos1 quarto,norte
1.250,58 m² construídos2 quartos,norte
1.249,52 m² construídos2 quartos,norte
1.299,52 m² construídos2 quartos,norte
1.249,54 m² construídos2 quartos,norte
900,60 m² construídos2 quartos,norte
1.268,70 m² construídos2 quartos,norte
1.220,64 m² construídos2 quartos,norte
1.170,53 m² construídos2 quartos,norte
1.250,55 m² construídos2 quartos,norte
1.030,34 m² construídos1 quarto,norte
1.740,77 m² construídos3 quartos,norte
870,75 m² construídos1 quarto,norte
1.219,58 m² construídos2 quartos,norte
1.143,49 m² construídos2 quartos,norte
1.400,49 m² construídos2 quartos,norte
1.350,80 m² construídos2 quartos,norte
800,25 m² construídos2 quartos,norte
951,60 m² construídos1 quarto,norte
1.100,65 m² construídos2 quartos,norte
1.600,60 m² construídos2 quartos,norte
1.219,60 m² construídos2 quartos,norte
1.100,60 m² construídos1 quarto,norte
1.700,55 m² construídos3 quartos,norte
1.000,53 m² construídos2 quartos,norte
1.500,46 m² construídos2 quartos,norte
1.050,27 m² construídos1 quarto,norte
1.358,47 m² construídos2 quartos,norte
1.509,100 m² construídos2 quartos,norte
880,40 m² construídos1 quarto,norte
1.300,70 m² construídos2 quartos,norte
800,31 m² construídos1 quarto,norte
1.400,28 m² construídos1 quarto,norte
1.975,60 m² construídos2 quartos,norte
1.050,30 m² construídos1 quarto,norte
1.100,48 m² construídos2 quartos,norte
1.150,51 m² construídos2 quartos,norte
2.265,200 m² construídos4 quartos,norte
1.160,48 m² construídos2 quartos,norte
1.300,60 m² construídos2 quartos,norte
1.046,90 m² construídos2 quartos,norte
1.030,55 m² construídos1 quarto,norte
1.300,50 m² construídos2 quartos,norte
1.757,100 m² construídos2 quartos,norte
1.600,80 m² construídos3 quartos,norte
1.150,65 m² construídos2 quartos,norte
700,50 m² construídos2 quartos,norte
1.300,72 m² construídos2 quartos,norte
1.700,42 m² construídos2 quartos,norte
1.300,50 m² construídos2 quartos,norte
2.010,84 m² construídos3 quartos,norte
1.520,80 m² construídos2 quartos,norte
1.000,60 m² construídos1 quarto,norte
1.656,40 m² construídos1 quarto,norte
1.200,62 m² construídos2 quartos,norte
1.000,30 m² construídos1 quarto,norte
1.350,80 m² construídos2 quartos,norte
1.350,52 m² construídos2 quartos,norte
1.753,62 m² construídos2 quartos,norte
690,25 m² construídos1 quarto,norte
1.500,58 m² construídos2 quartos,norte
895,40 m² construídos1 quarto,norte
1.600,48 m² construídos2 quartos,norte
1.150,65 m² construídos2 quartos,norte
1.350,54 m² construídos2 quartos,norte
3.150,180 m² construídos4 quartos,norte
1.290,24 m² construídos1 quarto,norte
6.945,152 m² construídos3 quartos,norte
1.400,67 m² construídos2 quartos,norte
1.604,55 m² construídos2 quartos,norte
1.425,52 m² construídos2 quartos,norte
1.580,53 m² construídos2 quartos,norte
800,30 m² construídos1 quarto,norte
1.500,70 m² construídos2 quartos,norte
1.400,70 m² construídos3 quartos,norte
990,50 m² construídos1 quarto,norte
2.300,40 m² construídos2 quartos,norte
1.250,31 m² construídos1 quarto,norte
2.884,140 m² construídos3 quartos,norte
900,45 m² construídos1 quarto,norte
1.350,31 m² construídos1 quarto,norte
1.150,32 m² construídos1 quarto,norte
1.100,60 m² construídos2 quartos,norte
1.400,50 m² construídos2 quartos,norte
1.639,88 m² construídos3 quartos,norte
2.000,72 m² construídos2 quartos,norte
1.650,20 m² construídos1 quarto,norte
2.500,98 m² construídos2 quartos,norte
1.570,90 m² construídos2 quartos,norte
2.000,65 m² construídos2 quartos,norte
1.600,48 m² construídos2 quartos,norte
1.800,90 m² construídos2 quartos,norte
1.270,45 m² construídos1 quarto,norte
1.200,49 m² construídos2 quartos,norte
2.200,120 m² construídos2 quartos,norte
1.600,60 m² construídos2 quartos,norte
1.598,80 m² construídos2 quartos,norte
1.480,34 m² construídos1 quarto,norte
2.220,60 m² construídos2 quartos,norte
1.270,55 m² construídos2 quartos,norte
1.028,35 m² construídos1 quarto,norte
1.550,64 m² construídos2 quartos,norte
4.609,400 m² construídos5 quartos,norte
1.050,41 m² construídos1 quarto,norte
2.100,60 m² construídos3 quartos,norte
1.900,36 m² construídos1 quarto,norte
660,15 m² construídos1 quarto,norte
690,25 m² construídos1 quarto,norte
930,33 m² construídos1 quarto,norte
2.000,60 m² construídos2 quartos,norte
1.700,56 m² construídos2 quartos,norte
2.023,70 m² construídos2 quartos,norte
2.420,53 m² construídos2 quartos,norte
4.100,260 m² construídos4 quartos,norte
1.600,70 m² construídos3 quartos,norte
1.720,60 m² construídos2 quartos,norte
1.719,67 m² construídos2 quartos,norte
5.250,124 m² construídos3 quartos,norte
1.600,53 m² construídos2 quartos,norte
1.900,55 m² construídos2 quartos,norte
1.081,50 m² construídos1 quarto,norte
1.350,58 m² construídos2 quartos,norte
1.400,52 m² construídos2 quartos,norte
690,25 m² construídos1 quarto,norte
1.450,28 m² construídos1 quarto,norte
2.900,94 m² construídos3 quartos,norte
1.400,68 m² construídos3 quartos,leste
1.200,68 m² construídos3 quartos,leste
900,30 m² construídos1 quarto,leste
1.350,10 m² construídos2 quartos,leste
1.337,96 m² construídos3 quartos,leste
750,40 m² construídos2 quartos,leste
1.200,70 m² construídos2 quartos,leste
1.500,100 m² construídos3 quartos,leste
1.100,50 m² construídos2 quartos,leste
1.350,70 m² construídos2 quartos,leste
1.200,50 m² construídos2 quartos,leste
1.000,56 m² construídos2 quartos,leste
790,20 m² construídos1 quarto,leste
1.750,77 m² construídos2 quartos,leste
1.300,54 m² construídos2 quartos,leste
1.300,52 m² construídos2 quartos,leste
1.100,100 m² construídos2 quartos,leste
2.200,75 m² construídos2 quartos,leste
880,31 m² construídos1 quarto,leste
1.000,80 m² construídos1 quarto,leste
5.400,220 m² construídos3 quartos,leste
650,20 m² construídos1 quarto,leste
1.200,54 m² construídos2 quartos,leste
1.700,60 m² construídos2 quartos,leste
1.600,90 m² construídos2 quartos,leste
1.250,80 m² construídos2 quartos,leste
1.850,40 m² construídos1 quarto,leste
800,20 m² construídos1 quarto,leste
1.300,60 m² construídos2 quartos,leste
880,49 m² construídos1 quarto,leste
1.396,50 m² construídos1 quarto,leste
750,39 m² construídos1 quarto,leste
3.500,127 m² construídos3 quartos,leste
1.500,48 m² construídos1 quarto,leste
2.500,140 m² construídos3 quartos,leste
1.000,33 m² construídos1 quarto,leste
1.380,80 m² construídos2 quartos,leste
1.000,55 m² construídos2 quartos,leste
1.200,32 m² construídos1 quarto,leste
2.400,70 m² construídos2 quartos,leste
1.850,65 m² construídos2 quartos,leste
2.000,65 m² construídos3 quartos,leste
1.500,28 m² construídos1 quarto,leste
1.400,44 m² construídos2 quartos,leste
900,48 m² construídos2 quartos,leste
2.000,65 m² construídos2 quartos,leste
790,20 m² construídos1 quarto,leste
600,25 m² construídos1 quarto,leste
6.000,170 m² construídos3 quartos,leste
1.000,50 m² construídos2 quartos,leste
1.900,180 m² construídos2 quartos,leste
1.200,50 m² construídos2 quartos,leste
800,30 m² construídos1 quarto,leste
2.200,80 m² construídos3 quartos,leste
850,30 m² construídos1 quarto,leste
900,45 m² construídos1 quarto,leste
900,30 m² construídos1 quarto,leste
1.500,51 m² construídos2 quartos,leste
3.458,73 m² construídos2 quartos,leste
900,40 m² construídos1 quarto,leste
1.200,44 m² construídos2 quartos,leste
750,40 m² construídos1 quarto,leste
900,42 m² construídos1 quarto,leste
3.100,85 m² construídos2 quartos,leste
1.200,40 m² construídos2 quartos,leste
1.700,55 m² construídos2 quartos,leste
1.899,67 m² construídos1 quarto,leste
1.648,45 m² construídos2 quartos,leste
4.000,114 m² construídos3 quartos,leste
2.100,70 m² construídos3 quartos,leste
1.200,50 m² construídos1 quarto,leste
2.100,50 m² construídos2 quartos,leste
1.650,62 m² construídos2 quartos,leste
1.900,50 m² construídos2 quartos,leste
8.000,134 m² construídos1 quarto,leste
850,40 m² construídos1 quarto,leste
1.600,42 m² construídos1 quarto,leste
3.800,190 m² construídos3 quartos,leste
850,38 m² construídos1 quarto,leste
900,45 m² construídos1 quarto,leste
1.650,70 m² construídos2 quartos,leste
1.250,33 m² construídos1 quarto,leste
2.350,125 m² construídos3 quartos,leste
1.300,58 m² construídos2 quartos,leste
3.300,100 m² construídos2 quartos,leste
4.500,150 m² construídos3 quartos,leste
1.900,50 m² construídos2 quartos,leste
2.200,130 m² construídos3 quartos,leste
1.500,37 m² construídos1 quarto,leste
2.000,56 m² construídos2 quartos,leste
1.500,52 m² construídos2 quartos,leste
1.350,53 m² construídos2 quartos,leste
5.651,105 m² construídos3 quartos,leste
1.500,56 m² construídos2 quartos,leste
1.350,60 m² construídos2 quartos,leste
1.110,50 m² construídos2 quartos,leste
1.800,65 m² construídos2 quartos,leste
800,20 m² construídos1 quarto,leste
1.590,14 m² construídos1 quarto,leste
1.400,62 m² construídos2 quartos,leste
1.350,47 m² construídos2 quartos,leste
800,20 m² construídos1 quarto,leste
6.200,335 m² construídos3 quartos,leste
8.000,257 m² construídos4 quartos,leste
3.000,192 m² construídos3 quartos,leste
1.459,68 m² construídos3 quartos,leste
3.810,97 m² construídos3 quartos,leste
1.850,50 m² construídos2 quartos,leste
1.094,48 m² construídos2 quartos,leste
1.400,60 m² construídos2 quartos,leste
1.750,55 m² construídos2 quartos,leste
3.195,150 m² construídos3 quartos,leste
1.350,70 m² construídos2 quartos,leste
1.300,50 m² construídos2 quartos,leste
1.400,60 m² construídos2 quartos,leste
1.950,100 m² construídos4 quartos,leste
3.500,84 m² construídos3 quartos,leste
3.255,102 m² construídos2 quartos,leste
2.000,50 m² construídos2 quartos,leste
1.700,47 m² construídos2 quartos,leste
3.010,70 m² construídos3 quartos,leste
1.200,49 m² construídos1 quarto,leste
2.300,130 m² construídos2 quartos,leste
2.400,50 m² construídos2 quartos,leste
1.437,90 m² construídos3 quartos,leste
1.079,45 m² construídos2 quartos,leste
1.757,241 m² construídos2 quartos,leste
2.300,35 m² construídos1 quarto,leste
1.800,46 m² construídos2 quartos,leste
1.480,62 m² construídos2 quartos,leste
2.700,42 m² construídos1 quarto,leste
2.000,80 m² construídos2 quartos,leste
1.250,51 m² construídos1 quarto,leste
1.400,60 m² construídos2 quartos,leste
8.000,180 m² construídos3 quartos,leste
1.800,37 m² construídos1 quarto,leste
1.150,32 m² construídos1 quarto,leste
1.500,40 m² construídos2 quartos,leste
1.540,24 m² construídos1 quarto,leste
1.300,48 m² construídos2 quartos,leste
1.600,70 m² construídos2 quartos,leste
1.600,50 m² construídos2 quartos,leste
1.680,56 m² construídos2 quartos,leste
2.000,77 m² construídos2 quartos,leste
1.500,29 m² construídos1 quarto,leste
1.200,40 m² construídos2 quartos,leste
2.400,59 m² construídos2 quartos,leste
3.200,52 m² construídos1 quarto,leste
1.962,60 m² construídos2 quartos,leste
1.975,40 m² construídos1 quarto,leste
4.200,82 m² construídos3 quartos,leste
1.150,59 m² construídos2 quartos,leste
1.700,35 m² construídos1 quarto,leste
3.200,81 m² construídos2 quartos,leste
5.000,160 m² construídos3 quartos,leste
2.000,45 m² construídos2 quartos,leste
1.850,35 m² construídos1 quarto,leste
2.000,54 m² construídos2 quartos,leste
3.500,68 m² construídos2 quartos,leste
1.650,70 m² construídos2 quartos,leste
1.600,48 m² construídos2 quartos,leste
1.800,29 m² construídos1 quarto,leste
1.800,29 m² construídos1 quarto,leste
2.100,61 m² construídos1 quarto,leste
2.500,52 m² construídos2 quartos,leste
1.100,60 m² construídos1 quarto,leste
1.853,70 m² construídos2 quartos,leste
1.600,46 m² construídos2 quartos,leste
1.700,70 m² construídos2 quartos,leste
3.750,61 m² construídos2 quartos,leste
790,20 m² construídos1 quarto,leste
790,20 m² construídos1 quarto,leste
790,20 m² construídos1 quarto,leste
1.366,41 m² construídos2 quartos,leste
1.300,80 m² construídos2 quartos,leste
1.300,32 m² construídos1 quarto,leste
1.200,37 m² construídos1 quarto,leste
1.200,34 m² construídos1 quarto,leste
3.500,200 m² construídos3 quartos,leste
1.300,32 m² construídos1 quarto,leste
1.300,32 m² construídos1 quarto,leste
1.890,52 m² construídos2 quartos,leste
1.400,34 m² construídos1 quarto,leste
3.000,100 m² construídos1 quarto,leste
1.300,30 m² construídos1 quarto,leste
2.200,72 m² construídos3 quartos,leste
1.300,32 m² construídos1 quarto,leste
1.300,32 m² construídos1 quarto,leste
1.400,34 m² construídos1 quarto,leste
1.300,32 m² construídos1 quarto,leste
3.400,50 m² construídos1 quarto,leste
2.000,65 m² construídos2 quartos,leste
1.000,33 m² construídos1 quarto,leste
1.250,40 m² construídos2 quartos,leste
2.200,85 m² construídos2 quartos,leste
1.350,40 m² construídos1 quarto,leste
2.000,45 m² construídos2 quartos,leste
1.900,67 m² construídos3 quartos,leste
3.500,64 m² construídos2 quartos,leste
4.900,150 m² construídos3 quartos,leste
1.600,43 m² construídos1 quarto,leste
2.141,56 m² construídos2 quartos,leste
2.100,61 m² construídos2 quartos,leste
2.150,52 m² construídos2 quartos,leste
1.700,46 m² construídos2 quartos,leste
2.250,46 m² construídos1 quarto,leste
1.700,48 m² construídos1 quarto,leste
1.200,56 m² construídos2 quartos,leste
1.650,44 m² construídos1 quarto,leste
2.500,77 m² construídos3 quartos,leste
1.800,54 m² construídos1 quarto,leste
1.400,35 m² construídos1 quarto,leste
1.100,56 m² construídos2 quartos,leste
1.000,33 m² construídos1 quarto,leste
750,30 m² construídos1 quarto,leste
1.600,42 m² construídos1 quarto,leste
1.960,40 m² construídos1 quarto,leste
1.600,52 m² construídos1 quarto,leste
4.000,132 m² construídos3 quartos,leste
2.200,83 m² construídos3 quartos,leste
2.200,70 m² construídos2 quartos,leste
2.000,51 m² construídos2 quartos,leste
900,40 m² construídos2 quartos,leste
1.200,30 m² construídos1 quarto,leste
5.600,157 m² construídos3 quartos,leste
1.679,60 m² construídos3 quartos,leste
1.300,40 m² construídos1 quarto,leste
1.500,42 m² construídos2 quartos,leste
1.800,50 m² construídos2 quartos,leste
1.300,53 m² construídos1 quarto,leste
1.100,40 m² construídos1 quarto,leste
2.700,89 m² construídos2 quartos,leste
1.300,40 m² construídos1 quarto,leste
1.500,42 m² construídos2 quartos,leste
1.400,62 m² construídos2 quartos,leste
2.200,39 m² construídos1 quarto,leste
1.100,52 m² construídos2 quartos,leste
1.400,62 m² construídos2 quartos,leste
1.400,62 m² construídos2 quartos,leste
950,29 m² construídos1 quarto,leste
2.000,124 m² construídos2 quartos,leste
2.400,124 m² construídos2 quartos,leste
1.400,62 m² construídos2 quartos,leste
1.400,62 m² construídos2 quartos,leste
2.900,130 m² construídos2 quartos,leste
1.200,62 m² construídos2 quartos,leste
5.000,180 m² construídos3 quartos,leste
1.400,62 m² construídos2 quartos,leste
1.450,36 m² construídos1 quarto,leste
800,20 m² construídos1 quarto,leste
1.400,62 m² construídos2 quartos,leste
1.400,62 m² construídos2 quartos,leste
1.400,62 m² construídos2 quartos,leste
1.400,62 m² construídos2 quartos,leste
1.400,62 m² construídos2 quartos,leste
1.400,62 m² construídos2 quartos,leste
1.900,70 m² construídos3 quartos,leste
2.400,85 m² construídos3 quartos,leste
1.300,50 m² construídos1 quarto,leste
1.215,50 m² construídos1 quarto,leste
1.400,62 m² construídos2 quartos,leste
1.500,47 m² construídos2 quartos,leste
1.000,30 m² construídos1 quarto,leste
2.000,35 m² construídos1 quarto,leste
1.590,12 m² construídos1 quarto,leste
670,45 m² construídos1 quarto,leste
850,48 m² construídos1 quarto,leste
1.098,62 m² construídos2 quartos,leste
1.400,56 m² construídos1 quarto,leste
1.100,34 m² construídos1 quarto,leste
900,30 m² construídos1 quarto,leste
1.250,70 m² construídos2 quartos,leste
982,27 m² construídos1 quarto,leste
2.575,73 m² construídos2 quartos,leste
2.363,57 m² construídos2 quartos,leste
2.800,126 m² construídos3 quartos,leste
8.160,300 m² construídos4 quartos,leste
1.200,65 m² construídos3 quartos,leste
3.000,51 m² construídos1 quarto,leste
1.100,28 m² construídos1 quarto,leste
1.300,53 m² construídos2 quartos,leste
600,25 m² construídos1 quarto,leste
1.270,52 m² construídos3 quartos,leste
1.595,46 m² construídos2 quartos,leste
1.100,50 m² construídos2 quartos,leste
1.292,26 m² construídos1 quarto,leste
1.700,94 m² construídos3 quartos,leste
1.100,28 m² construídos1 quarto,leste
2.600,77 m² construídos2 quartos,oeste
750,30 m² construídos1 quarto,oeste
5.000,50 m² construídos1 quarto,oeste
6.480,175 m² construídos4 quartos,oeste
6.480,175 m² construídos4 quartos,oeste
6.480,175 m² construídos4 quartos,oeste
1.100,64 m² construídos2 quartos,oeste
1.200,50 m² construídos2 quartos,oeste
2.100,70 m² construídos3 quartos,oeste
2.000,48 m² construídos1 quarto,oeste
700,50 m² construídos1 quarto,oeste
1.600,106 m² construídos3 quartos,oeste
909,40 m² construídos1 quarto,oeste
1.372,54 m² construídos2 quartos,oeste
1.587,50 m² construídos2 quartos,oeste
2.800,180 m² construídos3 quartos,oeste
2.200,55 m² construídos2 quartos,oeste
11.000,256 m² construídos3 quartos,oeste
1.695,67 m² construídos3 quartos,oeste
1.500,62 m² construídos2 quartos,oeste
1.750,65 m² construídos3 quartos,oeste
2.520,37 m² construídos1 quarto,oeste
1.000,60 m² construídos2 quartos,oeste
2.150,48 m² construídos2 quartos,oeste
2.400,34 m² construídos1 quarto,oeste
2.200,90 m² construídos2 quartos,oeste
5.000,300 m² construídos3 quartos,oeste
2.000,30 m² construídos1 quarto,oeste
1.700,30 m² construídos1 quarto,oeste
3.900,140 m² construídos2 quartos,oeste
1.950,26 m² construídos1 quarto,oeste
800,40 m² construídos1 quarto,oeste
1.600,70 m² construídos2 quartos,oeste
890,60 m² construídos1 quarto,oeste
1.250,52 m² construídos2 quartos,oeste
5.800,170 m² construídos3 quartos,oeste
3.200,72 m² construídos2 quartos,oeste
1.600,54 m² construídos3 quartos,oeste
3.000,97 m² construídos3 quartos,oeste
2.750,32 m² construídos1 quarto,oeste
5.000,190 m² construídos3 quartos,oeste
2.100,56 m² construídos1 quarto,oeste
4.780,75 m² construídos2 quartos,oeste
2.400,70 m² construídos3 quartos,oeste
2.500,94 m² construídos3 quartos,oeste
2.030,120 m² construídos3 quartos,oeste
2.700,58 m² construídos1 quarto,oeste
5.300,124 m² construídos1 quarto,oeste
1.500,28 m² construídos1 quarto,oeste
3.300,100 m² construídos3 quartos,oeste
2.200,83 m² construídos2 quartos,oeste
5.450,110 m² construídos2 quartos,oeste
2.999,45 m² construídos1 quarto,oeste
2.599,38 m² construídos1 quarto,oeste
2.500,69 m² construídos2 quartos,oeste
5.500,60 m² construídos2 quartos,oeste
2.100,38 m² construídos1 quarto,oeste
4.500,87 m² construídos2 quartos,oeste
2.640,82 m² construídos3 quartos,oeste
3.278,80 m² construídos3 quartos,oeste
3.922,100 m² construídos3 quartos,oeste
1.692,49 m² construídos2 quartos,oeste
2.490,48 m² construídos1 quarto,oeste
1.000,18 m² construídos1 quarto,oeste
1.433,66 m² construídos3 quartos,oeste
6.000,280 m² construídos4 quartos,oeste
2.361,25 m² construídos1 quarto,oeste
798,28 m² construídos1 quarto,oeste
1.950,94 m² construídos3 quartos,oeste
2.400,40 m² construídos1 quarto,oeste
2.700,95 m² construídos2 quartos,oeste
5.200,225 m² construídos1 quarto,oeste
5.000,85 m² construídos2 quartos,oeste
2.500,51 m² construídos2 quartos,oeste
1.150,54 m² construídos1 quarto,oeste
3.350,38 m² construídos1 quarto,oeste
3.050,90 m² construídos2 quartos,oeste
15.000,200 m² construídos2 quartos,oeste
7.456,140 m² construídos3 quartos,oeste
2.100,78 m² construídos2 quartos,oeste
2.816,67 m² construídos2 quartos,oeste
2.762,62 m² construídos2 quartos,oeste
1.796,64 m² construídos3 quartos,oeste
2.040,72 m² construídos2 quartos,oeste
2.831,148 m² construídos2 quartos,oeste
4.729,85 m² construídos2 quartos,oeste
2.642,27 m² construídos1 quarto,oeste
2.279,45 m² construídos2 quartos,oeste
1.800,75 m² construídos3 quartos,oeste
1.550,25 m² construídos1 quarto,oeste
2.500,75 m² construídos2 quartos,oeste
2.000,70 m² construídos2 quartos,oeste
4.900,34 m² construídos1 quarto,oeste
3.700,35 m² construídos1 quarto,oeste
2.200,85 m² construídos3 quartos,oeste
2.500,61 m² construídos2 quartos,oeste
6.500,120 m² construídos3 quartos,oeste
2.000,64 m² construídos2 quartos,oeste
1.800,94 m² construídos1 quarto,oeste
6.400,74 m² construídos2 quartos,oeste
3.000,80 m² construídos1 quarto,oeste
3.600,86 m² construídos3 quartos,oeste
5.200,52 m² construídos1 quarto,oeste
1.500,68 m² construídos2 quartos,oeste
2.000,120 m² construídos1 quarto,oeste
2.500,80 m² construídos2 quartos,oeste
1.500,58 m² construídos2 quartos,oeste
2.270,112 m² construídos2 quartos,oeste
5.500,60 m² construídos2 quartos,oeste
1.300,34 m² construídos1 quarto,oeste
4.200,70 m² construídos2 quartos,oeste
7.085,350 m² construídos2 quartos,oeste
3.500,74 m² construídos2 quartos,oeste
4.592,100 m² construídos3 quartos,oeste
2.200,70 m² construídos3 quartos,oeste
2.549,80 m² construídos3 quartos,oeste
3.010,66 m² construídos2 quartos,oeste
3.594,60 m² construídos2 quartos,oeste
4.300,100 m² construídos3 quartos,oeste
3.253,65 m² construídos2 quartos,oeste
2.500,67 m² construídos3 quartos,oeste
2.200,50 m² construídos1 quarto,oeste
2.850,47 m² construídos2 quartos,oeste
2.300,150 m² construídos2 quartos,oeste
2.500,75 m² construídos2 quartos,oeste
4.200,63 m² construídos1 quarto,oeste
2.890,60 m² construídos2 quartos,oeste
2.443,65 m² construídos2 quartos,oeste
2.209,40 m² construídos1 quarto,oeste
2.050,40 m² construídos1 quarto,oeste
6.200,97 m² construídos3 quartos,oeste
2.000,100 m² construídos3 quartos,oeste
5.500,128 m² construídos3 quartos,oeste
3.300,92 m² construídos3 quartos,oeste
4.500,111 m² construídos3 quartos,oeste
1.800,58 m² construídos2 quartos,oeste
2.800,78 m² construídos2 quartos,oeste
1.750,31 m² construídos1 quarto,oeste
3.560,35 m² construídos2 quartos,oeste
1.980,60 m² construídos1 quarto,oeste
3.000,75 m² construídos2 quartos,oeste
10.000,115 m² construídos2 quartos,oeste
2.000,40 m² construídos2 quartos,oeste
5.000,118 m² construídos3 quartos,oeste
2.400,62 m² construídos2 quartos,oeste
3.500,148 m² construídos3 quartos,oeste
5.000,70 m² construídos2 quartos,oeste
1.550,41 m² construídos2 quartos,oeste
2.200,70 m² construídos2 quartos,oeste
3.000,65 m² construídos2 quartos,oeste
2.800,47 m² construídos1 quarto,oeste
7.500,530 m² construídos4 quartos,oeste
2.300,67 m² construídos2 quartos,oeste
2.300,62 m² construídos2 quartos,oeste
2.300,52 m² construídos1 quarto,oeste
1.500,40 m² construídos2 quartos,oeste
2.200,80 m² construídos2 quartos,oeste
4.790,65 m² construídos2 quartos,oeste
2.400,60 m² construídos2 quartos,oeste
2.100,45 m² construídos2 quartos,oeste
1.950,26 m² construídos1 quarto,oeste
3.300,63 m² construídos2 quartos,oeste
2.500,30 m² construídos1 quarto,oeste
3.000,56 m² construídos2 quartos,oeste
1.150,65 m² construídos2 quartos,oeste
1.635,50 m² construídos2 quartos,oeste
3.500,40 m² construídos1 quarto,oeste
2.230,29 m² construídos1 quarto,oeste
7.000,240 m² construídos4 quartos,oeste
2.500,113 m² construídos3 quartos,oeste
3.200,79 m² construídos3 quartos,oeste
4.500,112 m² construídos3 quartos,oeste
2.500,50 m² construídos2 quartos,oeste
2.500,48 m² construídos1 quarto,oeste
2.200,35 m² construídos1 quarto,oeste
1.300,64 m² construídos2 quartos,oeste
5.500,60 m² construídos1 quarto,oeste
4.520,178 m² construídos3 quartos,oeste
1.800,38 m² construídos1 quarto,oeste
3.500,49 m² construídos1 quarto,oeste
3.500,132 m² construídos3 quartos,oeste
3.000,60 m² construídos2 quartos,oeste
1.600,38 m² construídos1 quarto,oeste
2.300,72 m² construídos3 quartos,oeste
4.600,145 m² construídos2 quartos,oeste
6.000,71 m² construídos2 quartos,oeste
3.150,48 m² construídos2 quartos,oeste
1.750,60 m² construídos2 quartos,oeste
5.000,130 m² construídos3 quartos,oeste
2.900,64 m² construídos2 quartos,oeste
2.100,65 m² construídos2 quartos,oeste
2.600,80 m² construídos2 quartos,oeste
3.633,66 m² construídos2 quartos,oeste
2.200,46 m² construídos1 quarto,oeste
2.100,81 m² construídos3 quartos,oeste
5.500,64 m² construídos1 quarto,oeste
4.200,55 m² construídos2 quartos,oeste
6.500,72 m² construídos1 quarto,oeste
2.600,75 m² construídos2 quartos,oeste
2.900,34 m² construídos1 quarto,oeste
5.000,72 m² construídos2 quartos,oeste
2.175,68 m² construídos2 quartos,oeste
3.100,67 m² construídos2 quartos,oeste
3.200,120 m² construídos2 quartos,oeste
3.500,110 m² construídos3 quartos,oeste
3.300,118 m² construídos2 quartos,oeste
2.290,60 m² construídos1 quarto,oeste
2.570,76 m² construídos2 quartos,oeste
3.500,50 m² construídos1 quarto,oeste
2.200,47 m² construídos2 quartos,oeste
3.500,76 m² construídos2 quartos,oeste
3.000,74 m² construídos3 quartos,oeste
2.000,28 m² construídos1 quarto,oeste
4.600,100 m² construídos2 quartos,oeste
2.000,40 m² construídos2 quartos,oeste
2.850,31 m² construídos1 quarto,oeste
1.850,34 m² construídos1 quarto,oeste
3.500,33 m² construídos1 quarto,oeste
2.000,39 m² construídos1 quarto,oeste
1.650,31 m² construídos1 quarto,oeste
3.000,100 m² construídos2 quartos,oeste
2.400,72 m² construídos1 quarto,oeste
3.200,77 m² construídos2 quartos,oeste
2.500,96 m² construídos3 quartos,oeste
3.740,40 m² construídos1 quarto,oeste
1.200,50 m² construídos1 quarto,oeste
4.000,107 m² construídos2 quartos,oeste
2.200,48 m² construídos1 quarto,oeste
2.800,47 m² construídos1 quarto,oeste
6.500,46 m² construídos1 quarto,oeste
2.622,49 m² construídos2 quartos,oeste
4.600,72 m² construídos2 quartos,oeste
3.200,68 m² construídos2 quartos,oeste
2.470,60 m² construídos1 quarto,oeste
3.500,44 m² construídos1 quarto,oeste
2.000,31 m² construídos1 quarto,oeste
2.250,63 m² construídos2 quartos,oeste
1.650,58 m² construídos2 quartos,oeste
2.416,70 m² construídos2 quartos,oeste
2.033,70 m² construídos1 quarto,oeste
2.130,70 m² construídos2 quartos,oeste
2.129,34 m² construídos1 quarto,oeste
3.000,145 m² construídos3 quartos,oeste
2.000,64 m² construídos3 quartos,oeste
2.000,54 m² construídos1 quarto,oeste
3.500,81 m² construídos2 quartos,oeste
2.650,35 m² construídos1 quarto,oeste
3.500,84 m² construídos2 quartos,oeste
2.400,65 m² construídos2 quartos,oeste
6.000,168 m² construídos3 quartos,oeste
4.150,37 m² construídos1 quarto,oeste
2.400,72 m² construídos1 quarto,oeste
2.200,72 m² construídos3 quartos,oeste
2.190,43 m² construídos2 quartos,oeste
3.000,55 m² construídos1 quarto,oeste
4.500,104 m² construídos3 quartos,oeste
1.900,60 m² construídos1 quarto,oeste
2.400,72 m² construídos1 quarto,oeste
1.600,43 m² construídos1 quarto,oeste
4.500,65 m² construídos2 quartos,oeste
4.800,70 m² construídos1 quarto,oeste
4.700,130 m² construídos3 quartos,oeste
2.400,70 m² construídos1 quarto,oeste
3.000,58 m² construídos2 quartos,oeste
6.250,101 m² construídos2 quartos,oeste
5.120,110 m² construídos3 quartos,oeste
4.500,200 m² construídos3 quartos,oeste
3.100,60 m² construídos2 quartos,oeste
3.650,120 m² construídos2 quartos,oeste
2.600,60 m² construídos1 quarto,oeste
1.100,62 m² construídos2 quartos,oeste
2.350,40 m² construídos1 quarto,oeste
3.000,35 m² construídos1 quarto,oeste
3.100,110 m² construídos2 quartos,oeste
1.800,25 m² construídos1 quarto,oeste
6.500,106 m² construídos3 quartos,oeste
1.088,27 m² construídos1 quarto,oeste
5.810,90 m² construídos1 quarto,oeste
1.700,78 m² construídos3 quartos,oeste
2.151,72 m² construídos2 quartos,oeste
3.390,38 m² construídos1 quarto,oeste
3.060,83 m² construídos3 quartos,oeste
2.800,42 m² construídos1 quarto,oeste
1.100,40 m² construídos1 quarto,oeste
8.500,173 m² construídos3 quartos,oeste
2.500,68 m² construídos2 quartos,oeste
1.970,95 m² construídos2 quartos,oeste
1.500,33 m² construídos1 quarto,oeste
